match_id,winner,map,region,date_time
1076464492,1,Ranked Ascension Peak,EU,3/26/2021 11:00:03 PM
1076464507,0,Ranked Ice Mines,EU,3/26/2021 11:00:07 PM
1076464511,0,Ranked Frozen Guard,EU,3/26/2021 11:00:08 PM
1076464516,1,Ranked Splitstone Quarry,EU,3/26/2021 11:00:09 PM
1076464517,1,Ranked Timber Mill,Brazil,3/26/2021 11:00:10 PM
1076491213,1,Ranked Serpent Beach,EU,3/27/2021 1:00:09 AM
1076491249,1,Ranked Ascension Peak,Latin America North,3/27/2021 1:00:19 AM
1076491288,0,Ranked Ascension Peak,NA,3/27/2021 1:00:31 AM
1076491290,0,Ranked Frozen Guard,Brazil,3/27/2021 1:00:31 AM
1076491294,0,Ranked Warder's Gate,Brazil,3/27/2021 1:00:33 AM
1076515884,1,Ranked Ice Mines,Brazil,3/27/2021 3:00:01 AM
1076515910,0,Ranked Splitstone Quarry,Latin America North,3/27/2021 3:00:09 AM
1076515911,0,Ranked Frog Isle,Latin America North,3/27/2021 3:00:09 AM
1076515928,1,Ranked Ascension Peak,Brazil,3/27/2021 3:00:14 AM
1076515979,0,Ranked Frozen Guard,EU,3/27/2021 3:00:31 AM
1076516056,1,Ranked Serpent Beach,Latin America North,3/27/2021 3:00:55 AM
1076516103,1,Ranked Timber Mill,Brazil,3/27/2021 3:01:09 AM
1076516182,1,Ranked Ice Mines,Brazil,3/27/2021 3:01:34 AM
1076516240,1,Ranked Ice Mines,Brazil,3/27/2021 3:01:51 AM
1076516266,0,Ranked Timber Mill,NA,3/27/2021 3:01:58 AM
1076516314,1,Ranked Frog Isle,NA,3/27/2021 3:02:12 AM
1076516338,0,Ranked Splitstone Quarry,Latin America North,3/27/2021 3:02:20 AM
1076516350,0,Ranked Timber Mill,NA,3/27/2021 3:02:24 AM
1076516397,1,Ranked Jaguar Falls,Brazil,3/27/2021 3:02:39 AM
1076516403,1,Ranked Jaguar Falls,NA,3/27/2021 3:02:40 AM
1076516405,0,Ranked Ice Mines,Latin America North,3/27/2021 3:02:41 AM
1076516447,1,Ranked Splitstone Quarry,NA,3/27/2021 3:02:53 AM
1076516475,0,Ranked Frozen Guard,Brazil,3/27/2021 3:03:01 AM
1076516498,1,Ranked Ascension Peak,Brazil,3/27/2021 3:03:06 AM
1076516527,1,Ranked Stone Keep,NA,3/27/2021 3:03:15 AM
1076516534,0,Ranked Splitstone Quarry,NA,3/27/2021 3:03:17 AM
1076516560,1,Ranked Stone Keep,NA,3/27/2021 3:03:24 AM
1076516608,1,Ranked Jaguar Falls,Brazil,3/27/2021 3:03:36 AM
1076516616,1,Ranked Ascension Peak,Latin America North,3/27/2021 3:03:38 AM
1076516711,1,Ranked Ice Mines,NA,3/27/2021 3:04:10 AM
1076516718,0,Ranked Frozen Guard,Brazil,3/27/2021 3:04:12 AM
1076516722,0,Ranked Serpent Beach,Brazil,3/27/2021 3:04:13 AM
1076516736,1,Ranked Stone Keep,NA,3/27/2021 3:04:16 AM
1076516762,0,Ranked Splitstone Quarry,EU,3/27/2021 3:04:24 AM
1076516815,0,Ranked Frozen Guard,Brazil,3/27/2021 3:04:42 AM
1076516834,1,Ranked Warder's Gate,Brazil,3/27/2021 3:04:45 AM
1076516835,1,Ranked Splitstone Quarry,NA,3/27/2021 3:04:45 AM
1076516934,0,Ranked Jaguar Falls,Brazil,3/27/2021 3:05:11 AM
1076516940,1,Ranked Ice Mines,Brazil,3/27/2021 3:05:13 AM
1076517010,0,Ranked Ice Mines,Brazil,3/27/2021 3:05:37 AM
1076517090,0,Ranked Ascension Peak,Latin America North,3/27/2021 3:05:59 AM
1076517092,0,Ranked Jaguar Falls,Brazil,3/27/2021 3:06:00 AM
1076517165,0,Ranked Frog Isle,NA,3/27/2021 3:06:18 AM
1076517167,1,Ranked Ascension Peak,EU,3/27/2021 3:06:18 AM
1076517212,1,Ranked Warder's Gate,NA,3/27/2021 3:06:31 AM
1076517251,1,Ranked Frog Isle,EU,3/27/2021 3:06:44 AM
1076517261,0,Ranked Frog Isle,Latin America North,3/27/2021 3:06:46 AM
1076517291,1,Ranked Ascension Peak,Brazil,3/27/2021 3:06:55 AM
1076517309,1,Ranked Ice Mines,NA,3/27/2021 3:07:01 AM
1076517338,0,Ranked Ice Mines,Latin America North,3/27/2021 3:07:09 AM
1076517391,1,Ranked Jaguar Falls,Latin America North,3/27/2021 3:07:24 AM
1076517396,0,Ranked Warder's Gate,NA,3/27/2021 3:07:28 AM
1076517413,1,Ranked Warder's Gate,NA,3/27/2021 3:07:32 AM
1076517490,0,Ranked Serpent Beach,NA,3/27/2021 3:07:54 AM
1076517492,1,Ranked Splitstone Quarry,NA,3/27/2021 3:07:55 AM
1076517590,0,Ranked Jaguar Falls,Latin America North,3/27/2021 3:08:25 AM
1076517610,0,Ranked Ascension Peak,Brazil,3/27/2021 3:08:31 AM
1076517633,1,Ranked Ascension Peak,NA,3/27/2021 3:08:37 AM
1076517668,0,Ranked Jaguar Falls,Brazil,3/27/2021 3:08:47 AM
1076517813,0,Ranked Ascension Peak,Brazil,3/27/2021 3:09:35 AM
1076517818,0,Ranked Stone Keep,EU,3/27/2021 3:09:37 AM
1076517841,1,Ranked Frog Isle,Latin America North,3/27/2021 3:09:45 AM
1076517854,1,Ranked Serpent Beach,NA,3/27/2021 3:09:49 AM
1076517857,0,Ranked Serpent Beach,Brazil,3/27/2021 3:09:50 AM
1076517880,0,Ranked Frog Isle,Brazil,3/27/2021 3:09:57 AM
1076517887,1,Ranked Frozen Guard,Latin America North,3/27/2021 3:09:59 AM
1076517889,0,Ranked Jaguar Falls,NA,3/27/2021 3:10:00 AM
1076517957,1,Ranked Frog Isle,Brazil,3/27/2021 3:10:21 AM
1076518008,1,Ranked Serpent Beach,NA,3/27/2021 3:10:37 AM
1076518040,0,Ranked Jaguar Falls,NA,3/27/2021 3:10:47 AM
1076518054,0,Ranked Stone Keep,Brazil,3/27/2021 3:10:50 AM
1076518109,1,Ranked Serpent Beach,EU,3/27/2021 3:11:06 AM
1076518118,0,Ranked Warder's Gate,Latin America North,3/27/2021 3:11:09 AM
1076518195,0,Ranked Warder's Gate,Latin America North,3/27/2021 3:11:31 AM
1076518225,0,Ranked Timber Mill,Latin America North,3/27/2021 3:11:41 AM
1076518226,1,Ranked Timber Mill,Latin America North,3/27/2021 3:11:41 AM
1076518323,0,Ranked Jaguar Falls,NA,3/27/2021 3:12:10 AM
1076518327,1,Ranked Frozen Guard,NA,3/27/2021 3:12:12 AM
1076518337,1,Ranked Jaguar Falls,Latin America North,3/27/2021 3:12:15 AM
1076518366,1,Ranked Ascension Peak,Latin America North,3/27/2021 3:12:22 AM
1076518367,0,Ranked Ascension Peak,Brazil,3/27/2021 3:12:22 AM
1076518369,0,Ranked Stone Keep,Brazil,3/27/2021 3:12:23 AM
1076518387,0,Ranked Ascension Peak,Latin America North,3/27/2021 3:12:29 AM
1076518405,0,Ranked Frozen Guard,EU,3/27/2021 3:12:34 AM
1076518413,0,Ranked Splitstone Quarry,Brazil,3/27/2021 3:12:35 AM
1076518524,0,Ranked Ascension Peak,Brazil,3/27/2021 3:13:09 AM
1076518549,1,Ranked Serpent Beach,EU,3/27/2021 3:13:15 AM
1076518578,1,Ranked Frozen Guard,Brazil,3/27/2021 3:13:24 AM
1076518585,1,Ranked Ice Mines,NA,3/27/2021 3:13:26 AM
1076518608,0,Ranked Ice Mines,Latin America North,3/27/2021 3:13:31 AM
1076518618,0,Ranked Stone Keep,NA,3/27/2021 3:13:33 AM
1076518649,0,Ranked Frog Isle,NA,3/27/2021 3:13:44 AM
1076518665,1,Ranked Serpent Beach,Latin America North,3/27/2021 3:13:49 AM
1076518713,0,Ranked Ascension Peak,NA,3/27/2021 3:14:01 AM
1076518735,0,Ranked Jaguar Falls,NA,3/27/2021 3:14:09 AM
1076518745,1,Ranked Ascension Peak,Latin America North,3/27/2021 3:14:13 AM
1076518811,1,Ranked Ascension Peak,Brazil,3/27/2021 3:14:34 AM
1076518812,0,Ranked Warder's Gate,EU,3/27/2021 3:14:35 AM
1076518851,1,Ranked Stone Keep,EU,3/27/2021 3:14:43 AM
1076518852,1,Ranked Frog Isle,NA,3/27/2021 3:14:43 AM
1076518857,1,Ranked Jaguar Falls,Brazil,3/27/2021 3:14:46 AM
1076518870,1,Ranked Ice Mines,NA,3/27/2021 3:14:51 AM
1076518881,0,Ranked Jaguar Falls,EU,3/27/2021 3:14:53 AM
1076518899,1,Ranked Splitstone Quarry,Brazil,3/27/2021 3:14:58 AM
1076518923,1,Ranked Splitstone Quarry,Brazil,3/27/2021 3:15:06 AM
1076538009,0,Ranked Warder's Gate,NA,3/27/2021 5:00:07 AM
1076538030,1,Ranked Warder's Gate,Latin America North,3/27/2021 5:00:15 AM
1076538034,0,Ranked Stone Keep,Brazil,3/27/2021 5:00:18 AM
1076538037,1,Ranked Serpent Beach,EU,3/27/2021 5:00:18 AM
1076538045,0,Ranked Ascension Peak,EU,3/27/2021 5:00:19 AM
1076538142,0,Ranked Ascension Peak,Latin America North,3/27/2021 5:00:55 AM
1076538145,0,Ranked Frozen Guard,Latin America North,3/27/2021 5:00:56 AM
1076538164,1,Ranked Frog Isle,Brazil,3/27/2021 5:01:02 AM
1076538176,1,Ranked Ice Mines,NA,3/27/2021 5:01:06 AM
1076538179,1,Ranked Ice Mines,Latin America North,3/27/2021 5:01:07 AM
1076538205,0,Ranked Ice Mines,Brazil,3/27/2021 5:01:15 AM
1076538215,1,Ranked Frog Isle,Latin America North,3/27/2021 5:01:21 AM
1076538230,0,Ranked Ascension Peak,Brazil,3/27/2021 5:01:27 AM
1076538251,0,Ranked Serpent Beach,NA,3/27/2021 5:01:35 AM
1076538298,0,Ranked Ascension Peak,EU,3/27/2021 5:01:51 AM
1076538352,0,Ranked Ascension Peak,Brazil,3/27/2021 5:02:11 AM
1076538375,0,Ranked Jaguar Falls,Latin America North,3/27/2021 5:02:21 AM
1076538409,1,Ranked Serpent Beach,NA,3/27/2021 5:02:36 AM
1076538457,1,Ranked Ascension Peak,Latin America North,3/27/2021 5:02:55 AM
1076538478,1,Ranked Serpent Beach,Brazil,3/27/2021 5:03:02 AM
1076538528,1,Ranked Frozen Guard,Brazil,3/27/2021 5:03:23 AM
1076538568,0,Ranked Timber Mill,Brazil,3/27/2021 5:03:39 AM
1076538580,1,Ranked Splitstone Quarry,NA,3/27/2021 5:03:44 AM
1076538602,1,Ranked Frog Isle,Brazil,3/27/2021 5:03:52 AM
1076538628,0,Ranked Jaguar Falls,Brazil,3/27/2021 5:04:02 AM
1076538676,1,Ranked Jaguar Falls,Brazil,3/27/2021 5:04:21 AM
1076538748,1,Ranked Frog Isle,Latin America North,3/27/2021 5:04:49 AM
1076538752,1,Ranked Timber Mill,NA,3/27/2021 5:04:51 AM
1076538792,0,Ranked Frog Isle,Brazil,3/27/2021 5:05:05 AM
1076538824,0,Ranked Frog Isle,Southeast Asia,3/27/2021 5:05:19 AM
1076538851,0,Ranked Stone Keep,Brazil,3/27/2021 5:05:29 AM
1076538870,0,Ranked Splitstone Quarry,Latin America North,3/27/2021 5:05:35 AM
1076538880,0,Ranked Ice Mines,Latin America North,3/27/2021 5:05:40 AM
1076538950,0,Ranked Timber Mill,NA,3/27/2021 5:05:59 AM
1076538951,0,Ranked Timber Mill,NA,3/27/2021 5:05:59 AM
1076538965,1,Ranked Ice Mines,Southeast Asia,3/27/2021 5:06:03 AM
1076538994,1,Ranked Splitstone Quarry,NA,3/27/2021 5:06:15 AM
1076539026,1,Ranked Timber Mill,EU,3/27/2021 5:06:29 AM
1076539027,1,Ranked Stone Keep,NA,3/27/2021 5:06:29 AM
1076539066,0,Ranked Frozen Guard,Brazil,3/27/2021 5:06:45 AM
1076539091,1,Ranked Warder's Gate,Brazil,3/27/2021 5:06:55 AM
1076539142,0,Ranked Serpent Beach,Latin America North,3/27/2021 5:07:09 AM
1076539155,1,Ranked Frozen Guard,EU,3/27/2021 5:07:15 AM
1076539238,1,Ranked Splitstone Quarry,Latin America North,3/27/2021 5:07:48 AM
1076539271,0,Ranked Warder's Gate,Latin America North,3/27/2021 5:08:03 AM
1076539298,0,Ranked Jaguar Falls,Brazil,3/27/2021 5:08:12 AM
1076539370,0,Ranked Frog Isle,Latin America North,3/27/2021 5:08:38 AM
1076539396,0,Ranked Jaguar Falls,Southeast Asia,3/27/2021 5:08:47 AM
1076539437,0,Ranked Serpent Beach,Latin America North,3/27/2021 5:09:03 AM
1076539502,0,Ranked Frozen Guard,Latin America North,3/27/2021 5:09:27 AM
1076539522,0,Ranked Frog Isle,NA,3/27/2021 5:09:35 AM
1076539548,0,Ranked Frozen Guard,Latin America North,3/27/2021 5:09:45 AM
1076539550,1,Ranked Ascension Peak,Brazil,3/27/2021 5:09:46 AM
1076539567,1,Ranked Frog Isle,Brazil,3/27/2021 5:09:53 AM
1076539568,1,Ranked Ice Mines,NA,3/27/2021 5:09:54 AM
1076539730,1,Ranked Frog Isle,NA,3/27/2021 5:10:55 AM
1076539735,1,Ranked Ice Mines,EU,3/27/2021 5:10:58 AM
1076539759,0,Ranked Frog Isle,Brazil,3/27/2021 5:11:07 AM
1076539761,0,Ranked Jaguar Falls,Latin America North,3/27/2021 5:11:08 AM
1076539812,0,Ranked Frozen Guard,Brazil,3/27/2021 5:11:28 AM
1076539901,1,Ranked Timber Mill,Southeast Asia,3/27/2021 5:12:01 AM
1076539935,1,Ranked Serpent Beach,Brazil,3/27/2021 5:12:15 AM
1076539951,1,Ranked Stone Keep,NA,3/27/2021 5:12:21 AM
1076539965,0,Ranked Stone Keep,Brazil,3/27/2021 5:12:26 AM
1076539978,0,Ranked Warder's Gate,Latin America North,3/27/2021 5:12:30 AM
1076540002,1,Ranked Serpent Beach,Brazil,3/27/2021 5:12:41 AM
1076540010,1,Ranked Warder's Gate,Brazil,3/27/2021 5:12:45 AM
1076540025,0,Ranked Ice Mines,NA,3/27/2021 5:12:51 AM
1076540059,1,Ranked Frog Isle,NA,3/27/2021 5:13:04 AM
1076540063,1,Ranked Frog Isle,Brazil,3/27/2021 5:13:05 AM
1076540093,0,Ranked Ice Mines,Brazil,3/27/2021 5:13:15 AM
1076540130,0,Ranked Jaguar Falls,NA,3/27/2021 5:13:28 AM
1076540149,1,Ranked Frozen Guard,NA,3/27/2021 5:13:37 AM
1076540180,0,Ranked Frozen Guard,NA,3/27/2021 5:13:47 AM
1076540274,0,Ranked Frog Isle,Brazil,3/27/2021 5:14:23 AM
1076540366,0,Ranked Ice Mines,Brazil,3/27/2021 5:15:02 AM
1076540372,0,Ranked Frozen Guard,NA,3/27/2021 5:15:04 AM
1076540381,0,Ranked Frog Isle,Latin America North,3/27/2021 5:15:07 AM
1076540446,1,Ranked Jaguar Falls,NA,3/27/2021 5:15:33 AM
1076540447,0,Ranked Warder's Gate,Latin America North,3/27/2021 5:15:33 AM
1076540465,1,Ranked Splitstone Quarry,Brazil,3/27/2021 5:15:41 AM
1076540492,0,Ranked Frozen Guard,Southeast Asia,3/27/2021 5:15:53 AM
1076540494,1,Ranked Splitstone Quarry,EU,3/27/2021 5:15:54 AM
1076540558,1,Ranked Timber Mill,EU,3/27/2021 5:16:21 AM
1076540594,1,Ranked Frozen Guard,NA,3/27/2021 5:16:36 AM
1076540599,0,Ranked Frozen Guard,Latin America North,3/27/2021 5:16:37 AM
1076540666,1,Ranked Ice Mines,NA,3/27/2021 5:17:03 AM
1076540706,1,Ranked Stone Keep,Southeast Asia,3/27/2021 5:17:17 AM
1076540735,0,Ranked Ascension Peak,Latin America North,3/27/2021 5:17:29 AM
1076540778,0,Ranked Ice Mines,EU,3/27/2021 5:17:51 AM
1076540835,1,Ranked Serpent Beach,NA,3/27/2021 5:18:12 AM
1076540884,0,Ranked Frog Isle,NA,3/27/2021 5:18:31 AM
1076540979,0,Ranked Ice Mines,Latin America North,3/27/2021 5:19:09 AM
1076540986,1,Ranked Frozen Guard,EU,3/27/2021 5:19:11 AM
1076541050,0,Ranked Splitstone Quarry,Latin America North,3/27/2021 5:19:37 AM
1076541054,1,Ranked Jaguar Falls,NA,3/27/2021 5:19:39 AM
1076541059,0,Ranked Ice Mines,EU,3/27/2021 5:19:41 AM
1076541060,0,Ranked Ice Mines,Latin America North,3/27/2021 5:19:41 AM
1076541063,0,Ranked Ascension Peak,Brazil,3/27/2021 5:19:43 AM
1076541088,1,Ranked Timber Mill,NA,3/27/2021 5:19:51 AM
1076554881,1,Ranked Warder's Gate,Brazil,3/27/2021 7:00:47 AM
1076554947,0,Ranked Splitstone Quarry,NA,3/27/2021 7:01:21 AM
1076555057,1,Ranked Warder's Gate,NA,3/27/2021 7:02:12 AM
1076555082,1,Ranked Splitstone Quarry,Latin America North,3/27/2021 7:02:25 AM
1076555152,0,Ranked Splitstone Quarry,Brazil,3/27/2021 7:03:04 AM
1076555153,1,Ranked Frog Isle,Southeast Asia,3/27/2021 7:03:05 AM
1076555160,1,Ranked Ice Mines,EU,3/27/2021 7:03:09 AM
1076555180,0,Ranked Stone Keep,Latin America North,3/27/2021 7:03:19 AM
1076555215,0,Ranked Jaguar Falls,Latin America North,3/27/2021 7:03:33 AM
1076555262,1,Ranked Stone Keep,Southeast Asia,3/27/2021 7:04:03 AM
1076555316,0,Ranked Serpent Beach,NA,3/27/2021 7:04:31 AM
1076555341,1,Ranked Ice Mines,EU,3/27/2021 7:04:47 AM
1076555427,1,Ranked Frozen Guard,Brazil,3/27/2021 7:05:31 AM
1076555517,0,Ranked Stone Keep,NA,3/27/2021 7:06:19 AM
1076555524,1,Ranked Ice Mines,Southeast Asia,3/27/2021 7:06:20 AM
1076555535,0,Ranked Stone Keep,EU,3/27/2021 7:06:25 AM
1076555593,1,Ranked Frog Isle,Brazil,3/27/2021 7:06:55 AM
1076555612,0,Ranked Warder's Gate,NA,3/27/2021 7:07:01 AM
1076555661,1,Ranked Serpent Beach,Southeast Asia,3/27/2021 7:07:23 AM
1076555749,0,Ranked Warder's Gate,EU,3/27/2021 7:08:04 AM
1076555827,1,Ranked Jaguar Falls,EU,3/27/2021 7:08:41 AM
1076555851,1,Ranked Ice Mines,Southeast Asia,3/27/2021 7:08:58 AM
1076555874,1,Ranked Ascension Peak,NA,3/27/2021 7:09:11 AM
1076555898,0,Ranked Stone Keep,NA,3/27/2021 7:09:27 AM
1076555899,1,Ranked Ascension Peak,NA,3/27/2021 7:09:28 AM
1076555923,0,Ranked Stone Keep,EU,3/27/2021 7:09:39 AM
1076555942,1,Ranked Ice Mines,Brazil,3/27/2021 7:09:44 AM
1076556026,1,Ranked Jaguar Falls,EU,3/27/2021 7:10:25 AM
1076556046,0,Ranked Frozen Guard,NA,3/27/2021 7:10:35 AM
1076556073,1,Ranked Jaguar Falls,EU,3/27/2021 7:10:51 AM
1076556077,1,Ranked Ascension Peak,Southeast Asia,3/27/2021 7:10:53 AM
1076556078,0,Ranked Warder's Gate,Brazil,3/27/2021 7:10:53 AM
1076556159,0,Ranked Jaguar Falls,Brazil,3/27/2021 7:11:29 AM
1076556174,1,Ranked Warder's Gate,Southeast Asia,3/27/2021 7:11:37 AM
1076556175,1,Ranked Stone Keep,NA,3/27/2021 7:11:37 AM
1076556204,1,Ranked Stone Keep,NA,3/27/2021 7:11:49 AM
1076556208,0,Ranked Serpent Beach,NA,3/27/2021 7:11:50 AM
1076556228,0,Ranked Splitstone Quarry,Southeast Asia,3/27/2021 7:11:59 AM
1076556277,1,Ranked Stone Keep,Latin America North,3/27/2021 7:12:20 AM
1076556324,0,Ranked Frozen Guard,EU,3/27/2021 7:12:43 AM
1076556325,0,Ranked Frozen Guard,EU,3/27/2021 7:12:43 AM
1076556379,1,Ranked Timber Mill,Latin America North,3/27/2021 7:13:13 AM
1076556430,0,Ranked Ascension Peak,Southeast Asia,3/27/2021 7:13:39 AM
1076556459,0,Ranked Frozen Guard,Brazil,3/27/2021 7:13:53 AM
1076556485,1,Ranked Ice Mines,Latin America North,3/27/2021 7:14:07 AM
1076556490,1,Ranked Jaguar Falls,NA,3/27/2021 7:14:09 AM
1076556548,0,Ranked Warder's Gate,Southeast Asia,3/27/2021 7:14:43 AM
1076556551,1,Ranked Frog Isle,EU,3/27/2021 7:14:44 AM
1076556556,1,Ranked Splitstone Quarry,NA,3/27/2021 7:14:47 AM
1076556600,1,Ranked Jaguar Falls,NA,3/27/2021 7:15:11 AM
1076556704,1,Ranked Stone Keep,Latin America North,3/27/2021 7:15:59 AM
1076556742,0,Ranked Frog Isle,NA,3/27/2021 7:16:19 AM
1076556749,1,Ranked Timber Mill,EU,3/27/2021 7:16:23 AM
1076556755,0,Ranked Serpent Beach,EU,3/27/2021 7:16:27 AM
1076556810,1,Ranked Frozen Guard,Latin America North,3/27/2021 7:16:59 AM
1076556897,1,Ranked Splitstone Quarry,Southeast Asia,3/27/2021 7:17:39 AM
1076556943,1,Ranked Serpent Beach,Latin America North,3/27/2021 7:17:59 AM
1076557027,0,Ranked Splitstone Quarry,EU,3/27/2021 7:18:43 AM
1076557053,0,Ranked Warder's Gate,NA,3/27/2021 7:18:58 AM
1076557066,0,Ranked Warder's Gate,NA,3/27/2021 7:19:03 AM
1076557072,1,Ranked Jaguar Falls,Brazil,3/27/2021 7:19:05 AM
1076557094,1,Ranked Warder's Gate,NA,3/27/2021 7:19:17 AM
1076557121,1,Ranked Serpent Beach,EU,3/27/2021 7:19:32 AM
1076557198,0,Ranked Frozen Guard,Southeast Asia,3/27/2021 7:20:19 AM
1076557204,0,Ranked Jaguar Falls,Brazil,3/27/2021 7:20:23 AM
1076557290,0,Ranked Ascension Peak,NA,3/27/2021 7:21:03 AM
1076557304,0,Ranked Serpent Beach,Southeast Asia,3/27/2021 7:21:12 AM
1076557388,0,Ranked Warder's Gate,EU,3/27/2021 7:21:56 AM
1076557402,0,Ranked Frog Isle,Brazil,3/27/2021 7:22:01 AM
1076557463,0,Ranked Serpent Beach,EU,3/27/2021 7:22:31 AM
1076557506,0,Ranked Splitstone Quarry,Brazil,3/27/2021 7:22:53 AM
1076557515,0,Ranked Frozen Guard,Brazil,3/27/2021 7:22:57 AM
1076557549,0,Ranked Ice Mines,EU,3/27/2021 7:23:20 AM
1076557602,1,Ranked Splitstone Quarry,Latin America North,3/27/2021 7:23:49 AM
1076557626,1,Ranked Timber Mill,EU,3/27/2021 7:24:06 AM
1076557669,0,Ranked Ice Mines,NA,3/27/2021 7:24:29 AM
1076557700,1,Ranked Serpent Beach,Southeast Asia,3/27/2021 7:24:43 AM
1076557727,0,Ranked Ice Mines,NA,3/27/2021 7:24:59 AM
1076557742,0,Ranked Frozen Guard,Latin America North,3/27/2021 7:25:07 AM
1076557783,1,Ranked Warder's Gate,EU,3/27/2021 7:25:31 AM
1076557812,1,Ranked Splitstone Quarry,Latin America North,3/27/2021 7:25:45 AM
1076557858,1,Ranked Stone Keep,EU,3/27/2021 7:26:13 AM
1076557865,0,Ranked Frog Isle,NA,3/27/2021 7:26:14 AM
1076557905,0,Ranked Frozen Guard,Brazil,3/27/2021 7:26:33 AM
1076557937,1,Ranked Warder's Gate,NA,3/27/2021 7:26:50 AM
1076557980,0,Ranked Frozen Guard,Latin America North,3/27/2021 7:27:08 AM
1076557989,1,Ranked Frozen Guard,Brazil,3/27/2021 7:27:11 AM
1076558018,0,Ranked Frozen Guard,NA,3/27/2021 7:27:29 AM
1076558169,1,Ranked Ascension Peak,NA,3/27/2021 7:28:56 AM
1076558176,1,Ranked Frozen Guard,Latin America North,3/27/2021 7:28:59 AM
1076558202,1,Ranked Timber Mill,NA,3/27/2021 7:29:07 AM
1076558252,1,Ranked Splitstone Quarry,Latin America North,3/27/2021 7:29:33 AM
1076558286,1,Ranked Stone Keep,Southeast Asia,3/27/2021 7:29:48 AM
1076558322,0,Ranked Jaguar Falls,NA,3/27/2021 7:30:07 AM
1076558367,1,Ranked Ascension Peak,EU,3/27/2021 7:30:25 AM
1076558370,0,Ranked Jaguar Falls,Latin America North,3/27/2021 7:30:27 AM
1076558449,1,Ranked Frozen Guard,Southeast Asia,3/27/2021 7:31:02 AM
1076558468,0,Ranked Timber Mill,NA,3/27/2021 7:31:12 AM
1076558481,1,Ranked Frozen Guard,Brazil,3/27/2021 7:31:19 AM
1076558487,1,Ranked Ascension Peak,EU,3/27/2021 7:31:22 AM
1076568881,1,Ranked Ice Mines,EU,3/27/2021 9:00:00 AM
1076568897,1,Ranked Jaguar Falls,NA,3/27/2021 9:00:10 AM
1076568995,0,Ranked Ascension Peak,EU,3/27/2021 9:00:55 AM
1076569088,1,Ranked Stone Keep,EU,3/27/2021 9:01:44 AM
1076569139,0,Ranked Jaguar Falls,EU,3/27/2021 9:02:04 AM
1076569197,1,Ranked Frog Isle,Brazil,3/27/2021 9:02:35 AM
1076569214,0,Ranked Frog Isle,EU,3/27/2021 9:02:45 AM
1076569264,0,Ranked Stone Keep,EU,3/27/2021 9:03:11 AM
1076569269,0,Ranked Frozen Guard,EU,3/27/2021 9:03:14 AM
1076569304,1,Ranked Ice Mines,EU,3/27/2021 9:03:31 AM
1076569305,0,Ranked Ascension Peak,Southeast Asia,3/27/2021 9:03:31 AM
1076569347,1,Ranked Frog Isle,EU,3/27/2021 9:03:49 AM
1076569468,0,Ranked Frozen Guard,NA,3/27/2021 9:04:51 AM
1076569476,0,Ranked Warder's Gate,Southeast Asia,3/27/2021 9:04:55 AM
1076569530,0,Ranked Frog Isle,EU,3/27/2021 9:05:19 AM
1076569658,0,Ranked Ice Mines,Brazil,3/27/2021 9:06:19 AM
1076569663,0,Ranked Splitstone Quarry,EU,3/27/2021 9:06:21 AM
1076569671,1,Ranked Ascension Peak,Southeast Asia,3/27/2021 9:06:25 AM
1076569742,0,Ranked Stone Keep,Southeast Asia,3/27/2021 9:07:05 AM
1076569790,1,Ranked Warder's Gate,NA,3/27/2021 9:07:28 AM
1076569792,0,Ranked Splitstone Quarry,EU,3/27/2021 9:07:30 AM
1076569906,0,Ranked Frozen Guard,EU,3/27/2021 9:08:27 AM
1076569914,1,Ranked Stone Keep,NA,3/27/2021 9:08:31 AM
1076569933,1,Ranked Frog Isle,EU,3/27/2021 9:08:41 AM
1076569997,0,Ranked Splitstone Quarry,EU,3/27/2021 9:09:10 AM
1076570016,0,Ranked Warder's Gate,EU,3/27/2021 9:09:17 AM
1076570073,1,Ranked Ice Mines,NA,3/27/2021 9:09:47 AM
1076570086,0,Ranked Frog Isle,NA,3/27/2021 9:09:53 AM
1076570123,1,Ranked Splitstone Quarry,EU,3/27/2021 9:10:09 AM
1076570139,1,Ranked Ice Mines,EU,3/27/2021 9:10:15 AM
1076570208,1,Ranked Warder's Gate,Southeast Asia,3/27/2021 9:10:49 AM
1076570263,0,Ranked Frog Isle,EU,3/27/2021 9:11:19 AM
1076570351,0,Ranked Timber Mill,NA,3/27/2021 9:12:01 AM
1076570382,0,Ranked Jaguar Falls,EU,3/27/2021 9:12:14 AM
1076570520,1,Ranked Frozen Guard,NA,3/27/2021 9:13:19 AM
1076570629,0,Ranked Splitstone Quarry,EU,3/27/2021 9:14:07 AM
1076570638,1,Ranked Stone Keep,Southeast Asia,3/27/2021 9:14:15 AM
1076570660,1,Ranked Frozen Guard,NA,3/27/2021 9:14:22 AM
1076570700,1,Ranked Frog Isle,EU,3/27/2021 9:14:38 AM
1076570775,0,Ranked Jaguar Falls,EU,3/27/2021 9:15:14 AM
1076570845,0,Ranked Serpent Beach,EU,3/27/2021 9:15:42 AM
1076570917,1,Ranked Timber Mill,NA,3/27/2021 9:16:13 AM
1076570964,0,Ranked Ice Mines,EU,3/27/2021 9:16:33 AM
1076570983,1,Ranked Stone Keep,EU,3/27/2021 9:16:43 AM
1076571002,0,Ranked Warder's Gate,NA,3/27/2021 9:16:52 AM
1076571020,0,Ranked Ice Mines,Southeast Asia,3/27/2021 9:17:02 AM
1076571022,1,Ranked Jaguar Falls,EU,3/27/2021 9:17:04 AM
1076571048,1,Ranked Stone Keep,EU,3/27/2021 9:17:13 AM
1076571079,1,Ranked Ascension Peak,EU,3/27/2021 9:17:29 AM
1076571083,0,Ranked Warder's Gate,EU,3/27/2021 9:17:31 AM
1076571142,1,Ranked Warder's Gate,EU,3/27/2021 9:18:01 AM
1076571234,1,Ranked Ice Mines,Southeast Asia,3/27/2021 9:18:43 AM
1076571320,0,Ranked Timber Mill,Brazil,3/27/2021 9:19:29 AM
1076571321,1,Ranked Warder's Gate,EU,3/27/2021 9:19:30 AM
1076571342,1,Ranked Frog Isle,Southeast Asia,3/27/2021 9:19:39 AM
1076571418,0,Ranked Ascension Peak,EU,3/27/2021 9:20:13 AM
1076571470,1,Ranked Ascension Peak,EU,3/27/2021 9:20:36 AM
1076571497,1,Ranked Jaguar Falls,Brazil,3/27/2021 9:20:49 AM
1076571528,1,Ranked Warder's Gate,Latin America North,3/27/2021 9:21:05 AM
1076571536,0,Ranked Timber Mill,EU,3/27/2021 9:21:09 AM
1076571539,1,Ranked Timber Mill,EU,3/27/2021 9:21:10 AM
1076571653,1,Ranked Ascension Peak,EU,3/27/2021 9:22:05 AM
1076571667,1,Ranked Timber Mill,Brazil,3/27/2021 9:22:13 AM
1076571668,1,Ranked Ascension Peak,EU,3/27/2021 9:22:13 AM
1076571677,1,Ranked Timber Mill,EU,3/27/2021 9:22:19 AM
1076571687,1,Ranked Stone Keep,Southeast Asia,3/27/2021 9:22:23 AM
1076571724,0,Ranked Ice Mines,Latin America North,3/27/2021 9:22:41 AM
1076571882,1,Ranked Jaguar Falls,NA,3/27/2021 9:23:51 AM
1076571898,0,Ranked Ascension Peak,Southeast Asia,3/27/2021 9:23:57 AM
1076571899,1,Ranked Splitstone Quarry,NA,3/27/2021 9:23:57 AM
1076571906,0,Ranked Frog Isle,EU,3/27/2021 9:24:00 AM
1076571959,0,Ranked Stone Keep,Southeast Asia,3/27/2021 9:24:25 AM
1076571993,0,Ranked Stone Keep,EU,3/27/2021 9:24:41 AM
1076572011,0,Ranked Ice Mines,NA,3/27/2021 9:24:49 AM
1076572056,0,Ranked Frozen Guard,NA,3/27/2021 9:25:12 AM
1076572059,1,Ranked Frozen Guard,EU,3/27/2021 9:25:13 AM
1076572175,0,Ranked Frog Isle,NA,3/27/2021 9:26:07 AM
1076572240,0,Ranked Ascension Peak,EU,3/27/2021 9:26:31 AM
1076572243,1,Ranked Stone Keep,EU,3/27/2021 9:26:32 AM
1076572258,1,Ranked Frog Isle,Southeast Asia,3/27/2021 9:26:39 AM
1076572327,1,Ranked Splitstone Quarry,EU,3/27/2021 9:27:11 AM
1076572404,0,Ranked Timber Mill,Southeast Asia,3/27/2021 9:27:51 AM
1076572517,1,Ranked Frog Isle,NA,3/27/2021 9:28:44 AM
1076572604,1,Ranked Warder's Gate,EU,3/27/2021 9:29:29 AM
1076572630,1,Ranked Stone Keep,EU,3/27/2021 9:29:42 AM
1076572669,1,Ranked Jaguar Falls,Southeast Asia,3/27/2021 9:29:53 AM
1076572671,1,Ranked Frozen Guard,EU,3/27/2021 9:29:54 AM
1076572685,0,Ranked Ascension Peak,NA,3/27/2021 9:30:01 AM
1076572789,1,Ranked Frog Isle,EU,3/27/2021 9:30:45 AM
1076572832,1,Ranked Serpent Beach,EU,3/27/2021 9:31:08 AM
1076572835,0,Ranked Frog Isle,Southeast Asia,3/27/2021 9:31:10 AM
1076572890,0,Ranked Frozen Guard,Brazil,3/27/2021 9:31:39 AM
1076572905,1,Ranked Frozen Guard,EU,3/27/2021 9:31:47 AM
1076572908,0,Ranked Ice Mines,EU,3/27/2021 9:31:48 AM
1076572959,0,Ranked Splitstone Quarry,NA,3/27/2021 9:32:11 AM
1076572994,0,Ranked Serpent Beach,EU,3/27/2021 9:32:27 AM
1076573072,0,Ranked Splitstone Quarry,Southeast Asia,3/27/2021 9:32:58 AM
1076573132,0,Ranked Timber Mill,EU,3/27/2021 9:33:27 AM
1076573188,1,Ranked Timber Mill,EU,3/27/2021 9:33:52 AM
1076573189,1,Ranked Jaguar Falls,EU,3/27/2021 9:33:52 AM
1076585350,0,Ranked Timber Mill,NA,3/27/2021 11:00:03 AM
1076585412,0,Ranked Frozen Guard,EU,3/27/2021 11:00:29 AM
1076585413,0,Ranked Timber Mill,Southeast Asia,3/27/2021 11:00:29 AM
1076585542,0,Ranked Frog Isle,EU,3/27/2021 11:01:26 AM
1076585601,1,Ranked Serpent Beach,NA,3/27/2021 11:01:47 AM
1076585637,0,Ranked Ice Mines,EU,3/27/2021 11:01:58 AM
1076585680,0,Ranked Warder's Gate,EU,3/27/2021 11:02:13 AM
1076585736,0,Ranked Jaguar Falls,EU,3/27/2021 11:02:35 AM
1076585755,1,Ranked Stone Keep,EU,3/27/2021 11:02:41 AM
1076585770,1,Ranked Ice Mines,Southeast Asia,3/27/2021 11:02:47 AM
1076585787,1,Ranked Serpent Beach,EU,3/27/2021 11:02:53 AM
1076585788,0,Ranked Frozen Guard,EU,3/27/2021 11:02:53 AM
1076585812,1,Ranked Serpent Beach,EU,3/27/2021 11:03:05 AM
1076585903,0,Ranked Splitstone Quarry,EU,3/27/2021 11:03:39 AM
1076585926,0,Ranked Ascension Peak,EU,3/27/2021 11:03:50 AM
1076585949,1,Ranked Serpent Beach,EU,3/27/2021 11:04:01 AM
1076586051,0,Ranked Stone Keep,EU,3/27/2021 11:04:39 AM
1076586065,0,Ranked Warder's Gate,EU,3/27/2021 11:04:45 AM
1076586095,1,Ranked Timber Mill,EU,3/27/2021 11:04:56 AM
1076586187,0,Ranked Timber Mill,Southeast Asia,3/27/2021 11:05:31 AM
1076586199,0,Ranked Stone Keep,EU,3/27/2021 11:05:36 AM
1076586226,0,Ranked Timber Mill,EU,3/27/2021 11:05:45 AM
1076586244,1,Ranked Ascension Peak,NA,3/27/2021 11:05:53 AM
1076586293,1,Ranked Warder's Gate,EU,3/27/2021 11:06:11 AM
1076586298,1,Ranked Frog Isle,EU,3/27/2021 11:06:13 AM
1076586333,1,Ranked Stone Keep,EU,3/27/2021 11:06:29 AM
1076586342,0,Ranked Ascension Peak,EU,3/27/2021 11:06:33 AM
1076586364,0,Ranked Frog Isle,Southeast Asia,3/27/2021 11:06:39 AM
1076586368,1,Ranked Warder's Gate,EU,3/27/2021 11:06:40 AM
1076586378,1,Ranked Warder's Gate,EU,3/27/2021 11:06:43 AM
1076586411,1,Ranked Frozen Guard,EU,3/27/2021 11:06:57 AM
1076586417,0,Ranked Splitstone Quarry,EU,3/27/2021 11:07:00 AM
1076586461,0,Ranked Jaguar Falls,EU,3/27/2021 11:07:19 AM
1076586464,1,Ranked Warder's Gate,Brazil,3/27/2021 11:07:21 AM
1076586488,0,Ranked Jaguar Falls,EU,3/27/2021 11:07:28 AM
1076586494,1,Ranked Warder's Gate,EU,3/27/2021 11:07:30 AM
1076586505,0,Ranked Warder's Gate,EU,3/27/2021 11:07:35 AM
1076586559,1,Ranked Jaguar Falls,EU,3/27/2021 11:07:59 AM
1076586577,0,Ranked Splitstone Quarry,EU,3/27/2021 11:08:06 AM
1076586641,0,Ranked Timber Mill,EU,3/27/2021 11:08:29 AM
1076586674,0,Ranked Ice Mines,Brazil,3/27/2021 11:08:41 AM
1076586682,1,Ranked Splitstone Quarry,EU,3/27/2021 11:08:45 AM
1076586694,0,Ranked Warder's Gate,EU,3/27/2021 11:08:49 AM
1076586791,1,Ranked Ascension Peak,EU,3/27/2021 11:09:29 AM
1076586858,0,Ranked Jaguar Falls,EU,3/27/2021 11:09:56 AM
1076586865,1,Ranked Stone Keep,EU,3/27/2021 11:09:58 AM
1076586916,0,Ranked Jaguar Falls,EU,3/27/2021 11:10:17 AM
1076586928,0,Ranked Frog Isle,EU,3/27/2021 11:10:21 AM
1076587137,1,Ranked Frog Isle,Southeast Asia,3/27/2021 11:11:41 AM
1076587156,1,Ranked Frozen Guard,Southeast Asia,3/27/2021 11:11:49 AM
1076587233,1,Ranked Warder's Gate,NA,3/27/2021 11:12:22 AM
1076587314,1,Ranked Ice Mines,EU,3/27/2021 11:12:51 AM
1076587336,0,Ranked Stone Keep,Southeast Asia,3/27/2021 11:12:58 AM
1076587356,1,Ranked Serpent Beach,EU,3/27/2021 11:13:05 AM
1076587360,1,Ranked Stone Keep,EU,3/27/2021 11:13:06 AM
1076587362,1,Ranked Frozen Guard,NA,3/27/2021 11:13:07 AM
1076587381,0,Ranked Jaguar Falls,EU,3/27/2021 11:13:13 AM
1076587383,0,Ranked Timber Mill,EU,3/27/2021 11:13:13 AM
1076587400,0,Ranked Timber Mill,EU,3/27/2021 11:13:20 AM
1076587418,1,Ranked Ice Mines,Brazil,3/27/2021 11:13:27 AM
1076587421,0,Ranked Frog Isle,NA,3/27/2021 11:13:29 AM
1076587438,0,Ranked Splitstone Quarry,EU,3/27/2021 11:13:36 AM
1076587445,1,Ranked Jaguar Falls,Southeast Asia,3/27/2021 11:13:37 AM
1076587490,1,Ranked Serpent Beach,EU,3/27/2021 11:13:58 AM
1076587501,1,Ranked Warder's Gate,EU,3/27/2021 11:14:04 AM
1076587512,1,Ranked Frozen Guard,Southeast Asia,3/27/2021 11:14:07 AM
1076587518,0,Ranked Jaguar Falls,EU,3/27/2021 11:14:10 AM
1076587607,0,Ranked Frog Isle,EU,3/27/2021 11:14:43 AM
1076587633,1,Ranked Frog Isle,EU,3/27/2021 11:14:53 AM
1076587661,1,Ranked Frozen Guard,EU,3/27/2021 11:15:03 AM
1076587691,0,Ranked Splitstone Quarry,EU,3/27/2021 11:15:12 AM
1076587731,1,Ranked Frog Isle,Southeast Asia,3/27/2021 11:15:27 AM
1076587830,1,Ranked Timber Mill,EU,3/27/2021 11:16:00 AM
1076587900,0,Ranked Jaguar Falls,EU,3/27/2021 11:16:26 AM
1076587912,1,Ranked Warder's Gate,EU,3/27/2021 11:16:30 AM
1076587930,1,Ranked Ascension Peak,EU,3/27/2021 11:16:42 AM
1076587947,1,Ranked Ice Mines,EU,3/27/2021 11:16:47 AM
1076587963,1,Ranked Ascension Peak,EU,3/27/2021 11:16:52 AM
1076588051,0,Ranked Ice Mines,EU,3/27/2021 11:17:24 AM
1076588070,0,Ranked Jaguar Falls,Brazil,3/27/2021 11:17:30 AM
1076588180,1,Ranked Frog Isle,EU,3/27/2021 11:18:11 AM
1076588196,1,Ranked Serpent Beach,EU,3/27/2021 11:18:16 AM
1076588214,0,Ranked Ascension Peak,EU,3/27/2021 11:18:21 AM
1076588256,1,Ranked Splitstone Quarry,EU,3/27/2021 11:18:35 AM
1076588282,0,Ranked Splitstone Quarry,EU,3/27/2021 11:18:46 AM
1076588331,1,Ranked Warder's Gate,EU,3/27/2021 11:19:04 AM
1076588365,1,Ranked Ice Mines,EU,3/27/2021 11:19:17 AM
1076588391,0,Ranked Warder's Gate,Southeast Asia,3/27/2021 11:19:26 AM
1076588417,0,Ranked Stone Keep,EU,3/27/2021 11:19:34 AM
1076588487,0,Ranked Timber Mill,Southeast Asia,3/27/2021 11:19:59 AM
1076588519,1,Ranked Jaguar Falls,EU,3/27/2021 11:20:08 AM
1076588569,1,Ranked Frozen Guard,EU,3/27/2021 11:20:30 AM
1076588605,0,Ranked Jaguar Falls,EU,3/27/2021 11:20:41 AM
1076588617,1,Ranked Timber Mill,Southeast Asia,3/27/2021 11:20:45 AM
1076588651,1,Ranked Ascension Peak,EU,3/27/2021 11:21:01 AM
1076588705,0,Ranked Ice Mines,EU,3/27/2021 11:21:23 AM
1076588713,0,Ranked Stone Keep,NA,3/27/2021 11:21:29 AM
1076588736,1,Ranked Frog Isle,EU,3/27/2021 11:21:36 AM
1076588780,1,Ranked Timber Mill,EU,3/27/2021 11:21:57 AM
1076588816,0,Ranked Warder's Gate,EU,3/27/2021 11:22:13 AM
1081468750,0,Ranked Splitstone Quarry,EU,4/11/2021 12:00:00 PM
1081468789,1,Ranked Frozen Guard,EU,4/11/2021 12:00:11 PM
1081468819,0,Ranked Stone Keep,EU,4/11/2021 12:00:18 PM
1081468860,0,Ranked Serpent Beach,NA,4/11/2021 12:00:30 PM
1081468931,0,Ranked Frog Isle,Brazil,4/11/2021 12:00:47 PM
1081468948,0,Ranked Timber Mill,EU,4/11/2021 12:00:51 PM
1081468973,1,Ranked Frog Isle,EU,4/11/2021 12:01:00 PM
1081469165,0,Ranked Stone Keep,EU,4/11/2021 12:01:58 PM
1081469174,0,Ranked Ascension Peak,EU,4/11/2021 12:02:01 PM
1081469199,0,Ranked Ice Mines,EU,4/11/2021 12:02:11 PM
1081793741,0,Ranked Timber Mill,EU,4/12/2021 2:00:11 PM
1081793742,0,Ranked Serpent Beach,Southeast Asia,4/12/2021 2:00:12 PM
1081793786,1,Ranked Ice Mines,EU,4/12/2021 2:00:26 PM
1081793794,1,Ranked Frog Isle,EU,4/12/2021 2:00:28 PM
1081793812,1,Ranked Timber Mill,EU,4/12/2021 2:00:32 PM
1081793827,0,Ranked Frozen Guard,Brazil,4/12/2021 2:00:35 PM
1081793840,0,Ranked Ascension Peak,NA,4/12/2021 2:00:39 PM
1081793883,0,Ranked Stone Keep,EU,4/12/2021 2:00:51 PM
1081793917,0,Ranked Serpent Beach,EU,4/12/2021 2:01:02 PM
1081793918,1,Ranked Frozen Guard,EU,4/12/2021 2:01:02 PM
1081793951,0,Ranked Jaguar Falls,EU,4/12/2021 2:01:12 PM
1081793957,0,Ranked Jaguar Falls,EU,4/12/2021 2:01:13 PM
1081794019,0,Ranked Jaguar Falls,EU,4/12/2021 2:01:30 PM
1081794034,0,Ranked Frog Isle,EU,4/12/2021 2:01:34 PM
1081794041,0,Ranked Ice Mines,EU,4/12/2021 2:01:36 PM
1081794092,1,Ranked Frozen Guard,EU,4/12/2021 2:01:50 PM
1081794146,1,Ranked Jaguar Falls,EU,4/12/2021 2:02:06 PM
1081794174,0,Ranked Ascension Peak,EU,4/12/2021 2:02:13 PM
1081794184,1,Ranked Stone Keep,EU,4/12/2021 2:02:16 PM
1081794185,1,Ranked Warder's Gate,EU,4/12/2021 2:02:16 PM
1081794261,0,Ranked Serpent Beach,Brazil,4/12/2021 2:02:40 PM
1081794263,0,Ranked Serpent Beach,EU,4/12/2021 2:02:40 PM
1081794329,1,Ranked Ascension Peak,NA,4/12/2021 2:03:00 PM
1081794334,1,Ranked Jaguar Falls,EU,4/12/2021 2:03:01 PM
1081794338,0,Ranked Ice Mines,Brazil,4/12/2021 2:03:03 PM
1081794348,1,Ranked Timber Mill,EU,4/12/2021 2:03:06 PM
1081794366,1,Ranked Frog Isle,EU,4/12/2021 2:03:11 PM
1081794449,0,Ranked Ice Mines,EU,4/12/2021 2:03:31 PM
1081794478,1,Ranked Warder's Gate,EU,4/12/2021 2:03:41 PM
1081794479,0,Ranked Serpent Beach,Southeast Asia,4/12/2021 2:03:42 PM
1081794522,0,Ranked Warder's Gate,EU,4/12/2021 2:03:56 PM
1081794529,1,Ranked Splitstone Quarry,Brazil,4/12/2021 2:03:57 PM
1081794553,0,Ranked Serpent Beach,EU,4/12/2021 2:04:04 PM
1081794593,1,Ranked Warder's Gate,EU,4/12/2021 2:04:18 PM
1081794600,1,Ranked Splitstone Quarry,NA,4/12/2021 2:04:22 PM
1081794615,1,Ranked Warder's Gate,Southeast Asia,4/12/2021 2:04:26 PM
1081794633,0,Ranked Ascension Peak,EU,4/12/2021 2:04:31 PM
1081794635,1,Ranked Frog Isle,EU,4/12/2021 2:04:32 PM
1081794689,0,Ranked Splitstone Quarry,EU,4/12/2021 2:04:47 PM
1081794699,1,Ranked Serpent Beach,EU,4/12/2021 2:04:50 PM
1081794741,1,Ranked Jaguar Falls,EU,4/12/2021 2:05:03 PM
1081794752,1,Ranked Timber Mill,Southeast Asia,4/12/2021 2:05:07 PM
1081794800,0,Ranked Frog Isle,EU,4/12/2021 2:05:22 PM
1081794907,0,Ranked Ice Mines,EU,4/12/2021 2:05:50 PM
1081794914,0,Ranked Frozen Guard,Brazil,4/12/2021 2:05:54 PM
1081794980,0,Ranked Ice Mines,EU,4/12/2021 2:06:13 PM
1081795046,1,Ranked Serpent Beach,EU,4/12/2021 2:06:34 PM
1081795050,0,Ranked Timber Mill,Latin America North,4/12/2021 2:06:36 PM
1081795091,1,Ranked Ice Mines,EU,4/12/2021 2:06:50 PM
1081795095,0,Ranked Serpent Beach,EU,4/12/2021 2:06:50 PM
1081795128,0,Ranked Warder's Gate,Brazil,4/12/2021 2:07:00 PM
1081795181,0,Ranked Ascension Peak,EU,4/12/2021 2:07:19 PM
1081795227,1,Ranked Splitstone Quarry,Southeast Asia,4/12/2021 2:07:30 PM
1081795279,1,Ranked Ascension Peak,EU,4/12/2021 2:07:44 PM
1081795302,0,Ranked Warder's Gate,NA,4/12/2021 2:07:51 PM
1081795320,1,Ranked Splitstone Quarry,EU,4/12/2021 2:07:56 PM
1081795321,1,Ranked Timber Mill,EU,4/12/2021 2:07:56 PM
1081795339,1,Ranked Warder's Gate,EU,4/12/2021 2:08:02 PM
1081795361,1,Ranked Warder's Gate,EU,4/12/2021 2:08:08 PM
1081795369,1,Ranked Splitstone Quarry,EU,4/12/2021 2:08:10 PM
1081795376,1,Ranked Timber Mill,EU,4/12/2021 2:08:13 PM
1081795466,0,Ranked Serpent Beach,EU,4/12/2021 2:08:38 PM
1081795528,0,Ranked Ascension Peak,NA,4/12/2021 2:08:54 PM
1081795531,1,Ranked Ice Mines,EU,4/12/2021 2:08:56 PM
1081795539,1,Ranked Frozen Guard,EU,4/12/2021 2:08:59 PM
1081795624,1,Ranked Frog Isle,Southeast Asia,4/12/2021 2:09:26 PM
1081795642,0,Ranked Frog Isle,EU,4/12/2021 2:09:30 PM
1081795707,0,Ranked Ice Mines,EU,4/12/2021 2:09:48 PM
1081795753,0,Ranked Frozen Guard,EU,4/12/2021 2:10:05 PM
1081795785,1,Ranked Frozen Guard,Brazil,4/12/2021 2:10:13 PM
1081795817,1,Ranked Stone Keep,EU,4/12/2021 2:10:24 PM
1081795831,0,Ranked Serpent Beach,Southeast Asia,4/12/2021 2:10:28 PM
1081795882,1,Ranked Stone Keep,EU,4/12/2021 2:10:41 PM
1081795901,1,Ranked Stone Keep,EU,4/12/2021 2:10:46 PM
1081795908,1,Ranked Warder's Gate,EU,4/12/2021 2:10:49 PM
1081795913,1,Ranked Warder's Gate,EU,4/12/2021 2:10:50 PM
1081796030,0,Ranked Warder's Gate,EU,4/12/2021 2:11:23 PM
1081796035,1,Ranked Jaguar Falls,Brazil,4/12/2021 2:11:24 PM
1081796057,1,Ranked Ascension Peak,EU,4/12/2021 2:11:34 PM
1081796062,1,Ranked Frozen Guard,NA,4/12/2021 2:11:36 PM
1081796082,0,Ranked Frozen Guard,Southeast Asia,4/12/2021 2:11:42 PM
1081796089,1,Ranked Ascension Peak,EU,4/12/2021 2:11:44 PM
1081796117,1,Ranked Jaguar Falls,EU,4/12/2021 2:11:49 PM
1081796138,0,Ranked Stone Keep,EU,4/12/2021 2:11:56 PM
1081796208,0,Ranked Frozen Guard,EU,4/12/2021 2:12:14 PM
1081796209,0,Ranked Stone Keep,EU,4/12/2021 2:12:14 PM
1081796236,1,Ranked Jaguar Falls,Brazil,4/12/2021 2:12:22 PM
1081796277,0,Ranked Frog Isle,EU,4/12/2021 2:12:34 PM
1081796313,1,Ranked Ice Mines,EU,4/12/2021 2:12:44 PM
1081796337,0,Ranked Serpent Beach,Brazil,4/12/2021 2:12:50 PM
1081796395,1,Ranked Frozen Guard,Southeast Asia,4/12/2021 2:13:04 PM
1081796401,0,Ranked Warder's Gate,EU,4/12/2021 2:13:05 PM
1081796420,0,Ranked Serpent Beach,EU,4/12/2021 2:13:12 PM
1081796430,0,Ranked Timber Mill,Brazil,4/12/2021 2:13:15 PM
1081796454,0,Ranked Warder's Gate,EU,4/12/2021 2:13:20 PM
1081796482,1,Ranked Stone Keep,EU,4/12/2021 2:13:28 PM
1081796499,0,Ranked Serpent Beach,EU,4/12/2021 2:13:31 PM
1081796538,1,Ranked Stone Keep,EU,4/12/2021 2:13:40 PM
1081796581,1,Ranked Serpent Beach,EU,4/12/2021 2:13:54 PM
1081796612,1,Ranked Splitstone Quarry,EU,4/12/2021 2:14:04 PM
1081796649,1,Ranked Stone Keep,NA,4/12/2021 2:14:16 PM
1081796657,0,Ranked Timber Mill,EU,4/12/2021 2:14:19 PM
1081796669,0,Ranked Frozen Guard,EU,4/12/2021 2:14:24 PM
1081796675,1,Ranked Splitstone Quarry,EU,4/12/2021 2:14:27 PM
1081796720,1,Ranked Stone Keep,Southeast Asia,4/12/2021 2:14:38 PM
1081796793,0,Ranked Frog Isle,EU,4/12/2021 2:15:00 PM
1081796806,1,Ranked Stone Keep,EU,4/12/2021 2:15:04 PM
1081796873,0,Ranked Warder's Gate,Brazil,4/12/2021 2:15:25 PM
1081796881,0,Ranked Stone Keep,EU,4/12/2021 2:15:27 PM
1081796888,0,Ranked Serpent Beach,EU,4/12/2021 2:15:28 PM
1081796968,0,Ranked Jaguar Falls,EU,4/12/2021 2:15:53 PM
1081796999,1,Ranked Warder's Gate,EU,4/12/2021 2:16:01 PM
1081797023,1,Ranked Serpent Beach,NA,4/12/2021 2:16:09 PM
1081797027,1,Ranked Ascension Peak,Southeast Asia,4/12/2021 2:16:10 PM
1081797031,1,Ranked Jaguar Falls,EU,4/12/2021 2:16:10 PM
1081797062,1,Ranked Stone Keep,EU,4/12/2021 2:16:20 PM
1081797071,0,Ranked Stone Keep,EU,4/12/2021 2:16:22 PM
1081797080,1,Ranked Jaguar Falls,EU,4/12/2021 2:16:24 PM
1081797124,0,Ranked Stone Keep,EU,4/12/2021 2:16:36 PM
1081797130,1,Ranked Serpent Beach,EU,4/12/2021 2:16:37 PM
1081797266,0,Ranked Frog Isle,NA,4/12/2021 2:17:13 PM
1081797404,0,Ranked Frog Isle,EU,4/12/2021 2:17:51 PM
1081797460,0,Ranked Ice Mines,EU,4/12/2021 2:18:06 PM
1081797483,1,Ranked Splitstone Quarry,NA,4/12/2021 2:18:13 PM
1081797502,1,Ranked Jaguar Falls,Southeast Asia,4/12/2021 2:18:20 PM
1081797514,0,Ranked Ascension Peak,Brazil,4/12/2021 2:18:22 PM
1081797521,0,Ranked Splitstone Quarry,Southeast Asia,4/12/2021 2:18:24 PM
1081797525,1,Ranked Stone Keep,EU,4/12/2021 2:18:24 PM
1081797563,1,Ranked Frozen Guard,Brazil,4/12/2021 2:18:36 PM
1081797642,1,Ranked Ice Mines,NA,4/12/2021 2:19:00 PM
1081797645,0,Ranked Stone Keep,EU,4/12/2021 2:19:00 PM
1081797664,0,Ranked Frozen Guard,EU,4/12/2021 2:19:06 PM
1081797688,0,Ranked Timber Mill,EU,4/12/2021 2:19:11 PM
1081797754,0,Ranked Jaguar Falls,Brazil,4/12/2021 2:19:28 PM
1081797755,0,Ranked Frozen Guard,EU,4/12/2021 2:19:28 PM
1081797797,0,Ranked Frozen Guard,EU,4/12/2021 2:19:44 PM
1081797801,1,Ranked Stone Keep,Southeast Asia,4/12/2021 2:19:46 PM
1081797850,0,Ranked Serpent Beach,EU,4/12/2021 2:19:58 PM
1081797897,1,Ranked Stone Keep,EU,4/12/2021 2:20:12 PM
1081797907,1,Ranked Splitstone Quarry,EU,4/12/2021 2:20:15 PM
1081797908,1,Ranked Frog Isle,EU,4/12/2021 2:20:15 PM
1081797925,1,Ranked Warder's Gate,NA,4/12/2021 2:20:20 PM
1081797931,0,Ranked Ascension Peak,EU,4/12/2021 2:20:21 PM
1081797998,0,Ranked Frozen Guard,EU,4/12/2021 2:20:40 PM
1081798020,0,Ranked Ice Mines,Southeast Asia,4/12/2021 2:20:44 PM
1081798037,1,Ranked Frog Isle,EU,4/12/2021 2:20:50 PM
1081798042,0,Ranked Warder's Gate,EU,4/12/2021 2:20:51 PM
1081798079,0,Ranked Jaguar Falls,Brazil,4/12/2021 2:20:58 PM
1081798106,0,Ranked Ice Mines,EU,4/12/2021 2:21:06 PM
1081798135,1,Ranked Serpent Beach,EU,4/12/2021 2:21:15 PM
1081798167,1,Ranked Jaguar Falls,EU,4/12/2021 2:21:22 PM
1081798173,1,Ranked Ascension Peak,EU,4/12/2021 2:21:25 PM
1081798220,0,Ranked Serpent Beach,EU,4/12/2021 2:21:36 PM
1081798229,1,Ranked Jaguar Falls,EU,4/12/2021 2:21:41 PM
1081798275,1,Ranked Splitstone Quarry,Southeast Asia,4/12/2021 2:21:53 PM
1081798312,0,Ranked Stone Keep,EU,4/12/2021 2:22:06 PM
1081798322,1,Ranked Splitstone Quarry,Southeast Asia,4/12/2021 2:22:07 PM
1081798390,1,Ranked Jaguar Falls,EU,4/12/2021 2:22:21 PM
1081798416,0,Ranked Splitstone Quarry,EU,4/12/2021 2:22:30 PM
1081798453,1,Ranked Stone Keep,EU,4/12/2021 2:22:40 PM
1081798543,1,Ranked Frog Isle,EU,4/12/2021 2:23:04 PM
1081798567,1,Ranked Frozen Guard,Brazil,4/12/2021 2:23:12 PM
1081798578,1,Ranked Warder's Gate,EU,4/12/2021 2:23:14 PM
1081798601,0,Ranked Ice Mines,EU,4/12/2021 2:23:19 PM
1081798611,1,Ranked Stone Keep,EU,4/12/2021 2:23:21 PM
1081798659,1,Ranked Ice Mines,EU,4/12/2021 2:23:36 PM
1081798679,1,Ranked Ice Mines,Brazil,4/12/2021 2:23:40 PM
1081798685,1,Ranked Frozen Guard,EU,4/12/2021 2:23:42 PM
1081798724,0,Ranked Splitstone Quarry,EU,4/12/2021 2:23:53 PM
1081798732,0,Ranked Ice Mines,NA,4/12/2021 2:23:56 PM
1081798736,1,Ranked Jaguar Falls,EU,4/12/2021 2:23:58 PM
1081798790,0,Ranked Splitstone Quarry,EU,4/12/2021 2:24:15 PM
1081798811,1,Ranked Stone Keep,EU,4/12/2021 2:24:19 PM
1081798872,1,Ranked Ascension Peak,Brazil,4/12/2021 2:24:34 PM
1081798886,1,Ranked Frog Isle,EU,4/12/2021 2:24:38 PM
1081798920,1,Ranked Frozen Guard,EU,4/12/2021 2:24:49 PM
1081798923,0,Ranked Serpent Beach,Brazil,4/12/2021 2:24:50 PM
1081798952,0,Ranked Splitstone Quarry,EU,4/12/2021 2:24:58 PM
1081798964,0,Ranked Frog Isle,EU,4/12/2021 2:25:00 PM
1081798981,0,Ranked Splitstone Quarry,Brazil,4/12/2021 2:25:04 PM
1081798992,0,Ranked Warder's Gate,EU,4/12/2021 2:25:08 PM
1081799025,0,Ranked Ascension Peak,EU,4/12/2021 2:25:18 PM
1081799076,1,Ranked Timber Mill,EU,4/12/2021 2:25:31 PM
1081799105,0,Ranked Jaguar Falls,EU,4/12/2021 2:25:40 PM
1081799129,0,Ranked Frog Isle,EU,4/12/2021 2:25:46 PM
1081799138,1,Ranked Warder's Gate,EU,4/12/2021 2:25:49 PM
1081799171,0,Ranked Ascension Peak,EU,4/12/2021 2:25:58 PM
1081799224,0,Ranked Timber Mill,EU,4/12/2021 2:26:14 PM
1081799305,1,Ranked Ascension Peak,EU,4/12/2021 2:26:40 PM
1081799359,1,Ranked Jaguar Falls,Southeast Asia,4/12/2021 2:26:54 PM
1081799380,1,Ranked Stone Keep,EU,4/12/2021 2:27:00 PM
1081799436,0,Ranked Stone Keep,EU,4/12/2021 2:27:14 PM
1081799479,0,Ranked Frog Isle,EU,4/12/2021 2:27:25 PM
1081799544,0,Ranked Ascension Peak,Southeast Asia,4/12/2021 2:27:47 PM
1081799546,1,Ranked Serpent Beach,EU,4/12/2021 2:27:48 PM
1081799578,0,Ranked Warder's Gate,EU,4/12/2021 2:27:58 PM
1081799579,0,Ranked Ice Mines,EU,4/12/2021 2:27:58 PM
1081799591,0,Ranked Splitstone Quarry,Southeast Asia,4/12/2021 2:28:00 PM
1081799642,0,Ranked Serpent Beach,EU,4/12/2021 2:28:13 PM
1081799659,0,Ranked Splitstone Quarry,Brazil,4/12/2021 2:28:20 PM
1081799679,1,Ranked Ascension Peak,EU,4/12/2021 2:28:26 PM
1081799790,1,Ranked Timber Mill,Brazil,4/12/2021 2:29:00 PM
1081799797,0,Ranked Warder's Gate,NA,4/12/2021 2:29:01 PM
1081799806,0,Ranked Ascension Peak,EU,4/12/2021 2:29:04 PM
1081799942,1,Ranked Serpent Beach,EU,4/12/2021 2:29:44 PM
1081799953,0,Ranked Serpent Beach,EU,4/12/2021 2:29:46 PM
1081799995,1,Ranked Frozen Guard,Latin America North,4/12/2021 2:29:57 PM
1081800012,1,Ranked Jaguar Falls,Brazil,4/12/2021 2:30:01 PM
1081800060,1,Ranked Frog Isle,EU,4/12/2021 2:30:16 PM
1081800106,1,Ranked Serpent Beach,EU,4/12/2021 2:30:30 PM
1081800110,1,Ranked Serpent Beach,EU,4/12/2021 2:30:31 PM
1081800120,0,Ranked Ice Mines,NA,4/12/2021 2:30:34 PM
1081800161,0,Ranked Ice Mines,EU,4/12/2021 2:30:46 PM
1081800182,1,Ranked Serpent Beach,EU,4/12/2021 2:30:52 PM
1081800256,1,Ranked Warder's Gate,Brazil,4/12/2021 2:31:09 PM
1081800279,1,Ranked Ascension Peak,Southeast Asia,4/12/2021 2:31:18 PM
1081800280,1,Ranked Frog Isle,EU,4/12/2021 2:31:18 PM
1081800306,0,Ranked Stone Keep,EU,4/12/2021 2:31:27 PM
1081800361,0,Ranked Frozen Guard,EU,4/12/2021 2:31:43 PM
1081800380,1,Ranked Frog Isle,EU,4/12/2021 2:31:48 PM
1081800404,0,Ranked Frozen Guard,EU,4/12/2021 2:31:56 PM
1081800479,0,Ranked Frozen Guard,Southeast Asia,4/12/2021 2:32:12 PM
1081800507,0,Ranked Splitstone Quarry,Brazil,4/12/2021 2:32:20 PM
1081800508,0,Ranked Stone Keep,EU,4/12/2021 2:32:20 PM
1081800568,0,Ranked Ice Mines,NA,4/12/2021 2:32:38 PM
1081800596,0,Ranked Jaguar Falls,EU,4/12/2021 2:32:47 PM
1081800615,1,Ranked Jaguar Falls,EU,4/12/2021 2:32:54 PM
1081800617,1,Ranked Ice Mines,EU,4/12/2021 2:32:54 PM
1081800666,0,Ranked Serpent Beach,EU,4/12/2021 2:33:06 PM
1081800685,1,Ranked Frog Isle,EU,4/12/2021 2:33:11 PM
1081800772,1,Ranked Serpent Beach,EU,4/12/2021 2:33:34 PM
1081800799,1,Ranked Stone Keep,EU,4/12/2021 2:33:40 PM
1081800831,0,Ranked Stone Keep,NA,4/12/2021 2:33:50 PM
1081800851,0,Ranked Serpent Beach,Brazil,4/12/2021 2:33:56 PM
1081800856,0,Ranked Stone Keep,EU,4/12/2021 2:33:57 PM
1081800900,0,Ranked Frog Isle,EU,4/12/2021 2:34:08 PM
1081800966,1,Ranked Splitstone Quarry,EU,4/12/2021 2:34:28 PM
1081801002,1,Ranked Splitstone Quarry,EU,4/12/2021 2:34:38 PM
1081801005,0,Ranked Ice Mines,EU,4/12/2021 2:34:39 PM
1081801010,1,Ranked Warder's Gate,Southeast Asia,4/12/2021 2:34:40 PM
1081801055,0,Ranked Frog Isle,EU,4/12/2021 2:34:52 PM
1081801075,1,Ranked Frog Isle,EU,4/12/2021 2:34:57 PM
1081801076,0,Ranked Frog Isle,EU,4/12/2021 2:34:57 PM
1081801178,1,Ranked Splitstone Quarry,EU,4/12/2021 2:35:22 PM
1081801214,1,Ranked Ascension Peak,EU,4/12/2021 2:35:32 PM
1081801265,0,Ranked Serpent Beach,EU,4/12/2021 2:35:45 PM
1081801292,0,Ranked Warder's Gate,EU,4/12/2021 2:35:52 PM
1081801314,1,Ranked Jaguar Falls,Brazil,4/12/2021 2:36:00 PM
1081801315,0,Ranked Ice Mines,EU,4/12/2021 2:36:00 PM
1081801365,0,Ranked Warder's Gate,EU,4/12/2021 2:36:13 PM
1081801387,0,Ranked Warder's Gate,Southeast Asia,4/12/2021 2:36:20 PM
1081801399,1,Ranked Serpent Beach,EU,4/12/2021 2:36:24 PM
1081801455,1,Ranked Ice Mines,EU,4/12/2021 2:36:40 PM
1081801466,1,Ranked Stone Keep,EU,4/12/2021 2:36:44 PM
1081801495,0,Ranked Jaguar Falls,NA,4/12/2021 2:36:52 PM
1081801516,1,Ranked Ascension Peak,EU,4/12/2021 2:36:56 PM
1081801562,0,Ranked Frog Isle,EU,4/12/2021 2:37:10 PM
1081801605,1,Ranked Splitstone Quarry,NA,4/12/2021 2:37:22 PM
1081801633,0,Ranked Splitstone Quarry,EU,4/12/2021 2:37:30 PM
1081801660,1,Ranked Serpent Beach,EU,4/12/2021 2:37:36 PM
1081801690,0,Ranked Frozen Guard,EU,4/12/2021 2:37:46 PM
1081801723,1,Ranked Serpent Beach,Latin America North,4/12/2021 2:37:56 PM
1081801795,0,Ranked Jaguar Falls,EU,4/12/2021 2:38:16 PM
1081801837,1,Ranked Timber Mill,Brazil,4/12/2021 2:38:31 PM
1081801862,0,Ranked Timber Mill,EU,4/12/2021 2:38:38 PM
1081801903,1,Ranked Jaguar Falls,Southeast Asia,4/12/2021 2:38:48 PM
1081801904,0,Ranked Jaguar Falls,EU,4/12/2021 2:38:48 PM
1081801928,1,Ranked Timber Mill,NA,4/12/2021 2:38:55 PM
1081802038,0,Ranked Frozen Guard,EU,4/12/2021 2:39:26 PM
1081802096,1,Ranked Serpent Beach,EU,4/12/2021 2:39:43 PM
1081802131,0,Ranked Frozen Guard,EU,4/12/2021 2:39:53 PM
1081802158,1,Ranked Ice Mines,Southeast Asia,4/12/2021 2:40:00 PM
1081802215,0,Ranked Frog Isle,EU,4/12/2021 2:40:14 PM
1081802216,1,Ranked Warder's Gate,EU,4/12/2021 2:40:14 PM
1081802226,0,Ranked Stone Keep,NA,4/12/2021 2:40:17 PM
1081802262,1,Ranked Splitstone Quarry,EU,4/12/2021 2:40:26 PM
1081802275,0,Ranked Stone Keep,Brazil,4/12/2021 2:40:30 PM
1081802277,0,Ranked Timber Mill,EU,4/12/2021 2:40:30 PM
1081802288,1,Ranked Ice Mines,EU,4/12/2021 2:40:33 PM
1081802299,1,Ranked Frog Isle,Southeast Asia,4/12/2021 2:40:36 PM
1081802372,0,Ranked Ice Mines,Brazil,4/12/2021 2:41:01 PM
1081802383,0,Ranked Warder's Gate,EU,4/12/2021 2:41:05 PM
1081802412,0,Ranked Jaguar Falls,EU,4/12/2021 2:41:13 PM
1081802476,1,Ranked Ice Mines,Brazil,4/12/2021 2:41:32 PM
1081802478,1,Ranked Serpent Beach,EU,4/12/2021 2:41:32 PM
1081802497,1,Ranked Serpent Beach,EU,4/12/2021 2:41:38 PM
1081802505,0,Ranked Timber Mill,Brazil,4/12/2021 2:41:40 PM
1081802582,0,Ranked Jaguar Falls,Southeast Asia,4/12/2021 2:42:00 PM
1081802596,0,Ranked Timber Mill,EU,4/12/2021 2:42:03 PM
1081802610,0,Ranked Frozen Guard,EU,4/12/2021 2:42:08 PM
1081802613,0,Ranked Jaguar Falls,NA,4/12/2021 2:42:08 PM
1081802631,1,Ranked Frozen Guard,EU,4/12/2021 2:42:12 PM
1081802651,1,Ranked Jaguar Falls,EU,4/12/2021 2:42:18 PM
1081802680,0,Ranked Serpent Beach,EU,4/12/2021 2:42:28 PM
1081802739,0,Ranked Serpent Beach,EU,4/12/2021 2:42:45 PM
1081802751,1,Ranked Warder's Gate,Brazil,4/12/2021 2:42:49 PM
1081802757,0,Ranked Ice Mines,EU,4/12/2021 2:42:51 PM
1081802784,0,Ranked Ice Mines,EU,4/12/2021 2:42:58 PM
1081802827,1,Ranked Serpent Beach,EU,4/12/2021 2:43:10 PM
1081802828,0,Ranked Ice Mines,EU,4/12/2021 2:43:10 PM
1084851368,0,Ranked Jaguar Falls,NA,4/23/2021 5:00:07 AM
1084851382,1,Ranked Timber Mill,Brazil,4/23/2021 5:00:13 AM
1084851403,0,Ranked Ice Mines,Southeast Asia,4/23/2021 5:00:23 AM
1084851434,1,Ranked Warder's Gate,Brazil,4/23/2021 5:00:42 AM
1084851457,0,Ranked Frozen Guard,NA,4/23/2021 5:00:49 AM
1084851477,0,Ranked Splitstone Quarry,NA,4/23/2021 5:00:55 AM
1084851555,1,Ranked Timber Mill,NA,4/23/2021 5:01:31 AM
1084851618,1,Ranked Jaguar Falls,Brazil,4/23/2021 5:02:01 AM
1084851649,0,Ranked Frog Isle,Brazil,4/23/2021 5:02:14 AM
1084851672,1,Ranked Warder's Gate,EU,4/23/2021 5:02:20 AM
1084851713,1,Ranked Splitstone Quarry,Southeast Asia,4/23/2021 5:02:41 AM
1084851715,1,Ranked Warder's Gate,Brazil,4/23/2021 5:02:43 AM
1084851726,1,Ranked Serpent Beach,NA,4/23/2021 5:02:47 AM
1084851754,0,Ranked Jaguar Falls,EU,4/23/2021 5:02:59 AM
1084851780,1,Ranked Stone Keep,Latin America North,4/23/2021 5:03:08 AM
1084851807,0,Ranked Ice Mines,Brazil,4/23/2021 5:03:21 AM
1084851824,0,Ranked Splitstone Quarry,NA,4/23/2021 5:03:27 AM
1084851891,1,Ranked Frozen Guard,EU,4/23/2021 5:03:55 AM
1084851928,0,Ranked Jaguar Falls,Latin America North,4/23/2021 5:04:09 AM
1084851961,1,Ranked Timber Mill,NA,4/23/2021 5:04:23 AM
1084851992,0,Ranked Jaguar Falls,Latin America North,4/23/2021 5:04:40 AM
1084852055,1,Ranked Frozen Guard,Brazil,4/23/2021 5:05:18 AM
1084852065,1,Ranked Stone Keep,NA,4/23/2021 5:05:23 AM
1084852109,1,Ranked Serpent Beach,NA,4/23/2021 5:05:41 AM
1084852111,1,Ranked Stone Keep,NA,4/23/2021 5:05:43 AM
1084852204,0,Ranked Timber Mill,EU,4/23/2021 5:06:25 AM
1084852289,1,Ranked Frozen Guard,Brazil,4/23/2021 5:07:01 AM
1084852320,1,Ranked Serpent Beach,NA,4/23/2021 5:07:15 AM
1084852402,1,Ranked Serpent Beach,NA,4/23/2021 5:07:57 AM
1084852409,1,Ranked Stone Keep,Southeast Asia,4/23/2021 5:08:01 AM
1084852410,1,Ranked Stone Keep,Latin America North,4/23/2021 5:08:01 AM
1084852461,0,Ranked Serpent Beach,Latin America North,4/23/2021 5:08:25 AM
1084852484,1,Ranked Ice Mines,NA,4/23/2021 5:08:34 AM
1084852521,0,Ranked Stone Keep,Latin America North,4/23/2021 5:08:53 AM
1084852568,0,Ranked Jaguar Falls,EU,4/23/2021 5:09:18 AM
1084852630,1,Ranked Ascension Peak,Brazil,4/23/2021 5:09:47 AM
1084852664,0,Ranked Splitstone Quarry,Latin America North,4/23/2021 5:10:05 AM
1084852681,0,Ranked Serpent Beach,NA,4/23/2021 5:10:13 AM
1084852701,0,Ranked Warder's Gate,Latin America North,4/23/2021 5:10:22 AM
1084852727,1,Ranked Frog Isle,NA,4/23/2021 5:10:37 AM
1084852866,1,Ranked Ice Mines,NA,4/23/2021 5:11:37 AM
1084852882,0,Ranked Stone Keep,Latin America North,4/23/2021 5:11:43 AM
1084852892,0,Ranked Timber Mill,Latin America North,4/23/2021 5:11:46 AM
1084852932,1,Ranked Frog Isle,Brazil,4/23/2021 5:12:05 AM
1084852962,0,Ranked Ice Mines,NA,4/23/2021 5:12:15 AM
1084852995,0,Ranked Warder's Gate,Brazil,4/23/2021 5:12:33 AM
1084853011,0,Ranked Serpent Beach,Brazil,4/23/2021 5:12:39 AM
1084853035,1,Ranked Warder's Gate,NA,4/23/2021 5:12:51 AM
1084853040,0,Ranked Serpent Beach,Brazil,4/23/2021 5:12:53 AM
1084853046,0,Ranked Warder's Gate,NA,4/23/2021 5:12:55 AM
1084853066,1,Ranked Ice Mines,Latin America North,4/23/2021 5:13:03 AM
1084853086,0,Ranked Frozen Guard,Southeast Asia,4/23/2021 5:13:13 AM
1084853110,1,Ranked Ice Mines,EU,4/23/2021 5:13:25 AM
1084853128,1,Ranked Ascension Peak,Latin America North,4/23/2021 5:13:31 AM
1084853224,1,Ranked Warder's Gate,Brazil,4/23/2021 5:14:15 AM
1084853277,1,Ranked Frozen Guard,EU,4/23/2021 5:14:41 AM
1084853296,0,Ranked Frog Isle,Latin America North,4/23/2021 5:14:53 AM
1084853310,0,Ranked Ice Mines,NA,4/23/2021 5:14:59 AM
1084853382,0,Ranked Frog Isle,EU,4/23/2021 5:15:32 AM
1084853503,1,Ranked Serpent Beach,EU,4/23/2021 5:16:31 AM
1084853552,0,Ranked Frozen Guard,Brazil,4/23/2021 5:16:57 AM
1084853585,1,Ranked Timber Mill,NA,4/23/2021 5:17:11 AM
1084853645,1,Ranked Warder's Gate,EU,4/23/2021 5:17:47 AM
1084853680,1,Ranked Frozen Guard,Brazil,4/23/2021 5:18:04 AM
1084853706,1,Ranked Serpent Beach,Latin America North,4/23/2021 5:18:17 AM
1084853721,0,Ranked Frog Isle,NA,4/23/2021 5:18:23 AM
1084853736,1,Ranked Frog Isle,NA,4/23/2021 5:18:31 AM
1084853827,1,Ranked Splitstone Quarry,Latin America North,4/23/2021 5:19:15 AM
1084853860,1,Ranked Timber Mill,Latin America North,4/23/2021 5:19:29 AM
1084853886,0,Ranked Splitstone Quarry,Brazil,4/23/2021 5:19:42 AM
1084853899,0,Ranked Frog Isle,Southeast Asia,4/23/2021 5:19:47 AM
1084853910,1,Ranked Ascension Peak,NA,4/23/2021 5:19:55 AM
1084853944,1,Ranked Stone Keep,NA,4/23/2021 5:20:17 AM
1084853950,0,Ranked Timber Mill,Latin America North,4/23/2021 5:20:19 AM
1084853985,0,Ranked Warder's Gate,NA,4/23/2021 5:20:33 AM
1084854085,0,Ranked Jaguar Falls,NA,4/23/2021 5:21:16 AM
1084854108,1,Ranked Frog Isle,Brazil,4/23/2021 5:21:24 AM
1084854134,0,Ranked Timber Mill,Southeast Asia,4/23/2021 5:21:35 AM
1084854246,1,Ranked Timber Mill,Brazil,4/23/2021 5:22:21 AM
1084854251,1,Ranked Timber Mill,Latin America North,4/23/2021 5:22:24 AM
1084854280,0,Ranked Ascension Peak,NA,4/23/2021 5:22:35 AM
1084854436,0,Ranked Splitstone Quarry,Latin America North,4/23/2021 5:23:50 AM
1084854461,0,Ranked Serpent Beach,NA,4/23/2021 5:24:07 AM
1084854500,0,Ranked Jaguar Falls,EU,4/23/2021 5:24:23 AM
1084854545,1,Ranked Frog Isle,NA,4/23/2021 5:24:43 AM
1084854666,1,Ranked Warder's Gate,Brazil,4/23/2021 5:25:38 AM
1084854676,1,Ranked Jaguar Falls,NA,4/23/2021 5:25:44 AM
1084854682,0,Ranked Frozen Guard,Latin America North,4/23/2021 5:25:47 AM
1084854688,1,Ranked Frog Isle,Brazil,4/23/2021 5:25:48 AM
1084854723,0,Ranked Serpent Beach,EU,4/23/2021 5:26:03 AM
1084854744,1,Ranked Frozen Guard,NA,4/23/2021 5:26:15 AM
1084854748,0,Ranked Frog Isle,NA,4/23/2021 5:26:16 AM
1084854782,1,Ranked Serpent Beach,NA,4/23/2021 5:26:30 AM
1084854825,0,Ranked Frozen Guard,NA,4/23/2021 5:26:55 AM
1084854828,1,Ranked Stone Keep,Southeast Asia,4/23/2021 5:26:57 AM
1084854861,1,Ranked Frog Isle,EU,4/23/2021 5:27:17 AM
1084854872,0,Ranked Serpent Beach,Brazil,4/23/2021 5:27:21 AM
1084854878,1,Ranked Stone Keep,NA,4/23/2021 5:27:24 AM
1084854884,1,Ranked Warder's Gate,Latin America North,4/23/2021 5:27:27 AM
1084854905,0,Ranked Timber Mill,Brazil,4/23/2021 5:27:37 AM
1085463042,0,Ranked Frozen Guard,Latin America North,4/25/2021 5:00:03 AM
1085463102,1,Ranked Splitstone Quarry,NA,4/25/2021 5:00:25 AM
1085463108,0,Ranked Ice Mines,Brazil,4/25/2021 5:00:28 AM
1085463125,0,Ranked Warder's Gate,Brazil,4/25/2021 5:00:33 AM
1085463186,1,Ranked Frog Isle,NA,4/25/2021 5:00:55 AM
1085463206,1,Ranked Ascension Peak,NA,4/25/2021 5:01:00 AM
1085463285,0,Ranked Stone Keep,NA,4/25/2021 5:01:25 AM
1085463299,1,Ranked Frozen Guard,Brazil,4/25/2021 5:01:31 AM
1085463325,0,Ranked Timber Mill,EU,4/25/2021 5:01:38 AM
1085463493,1,Ranked Frozen Guard,Latin America North,4/25/2021 5:02:25 AM
1085463505,0,Ranked Timber Mill,NA,4/25/2021 5:02:29 AM
1085463515,1,Ranked Splitstone Quarry,Latin America North,4/25/2021 5:02:31 AM
1085463576,1,Ranked Timber Mill,Brazil,4/25/2021 5:02:48 AM
1085463597,0,Ranked Frog Isle,Latin America North,4/25/2021 5:02:58 AM
1085463645,0,Ranked Ascension Peak,Brazil,4/25/2021 5:03:16 AM
1085463694,0,Ranked Ice Mines,NA,4/25/2021 5:03:31 AM
1085463758,1,Ranked Serpent Beach,EU,4/25/2021 5:03:51 AM
1085463798,0,Ranked Splitstone Quarry,Brazil,4/25/2021 5:04:03 AM
1085463828,0,Ranked Ice Mines,NA,4/25/2021 5:04:14 AM
1085463955,0,Ranked Timber Mill,EU,4/25/2021 5:04:59 AM
1085463994,1,Ranked Stone Keep,Southeast Asia,4/25/2021 5:05:11 AM
1085464017,1,Ranked Ascension Peak,Latin America North,4/25/2021 5:05:21 AM
1085464019,1,Ranked Jaguar Falls,NA,4/25/2021 5:05:22 AM
1085464020,0,Ranked Jaguar Falls,Brazil,4/25/2021 5:05:22 AM
1085464060,0,Ranked Jaguar Falls,NA,4/25/2021 5:05:34 AM
1085464075,1,Ranked Ascension Peak,Latin America North,4/25/2021 5:05:37 AM
1085464084,1,Ranked Warder's Gate,Latin America North,4/25/2021 5:05:42 AM
1085464098,0,Ranked Serpent Beach,NA,4/25/2021 5:05:48 AM
1085464110,0,Ranked Frog Isle,Brazil,4/25/2021 5:05:51 AM
1085464159,0,Ranked Splitstone Quarry,Brazil,4/25/2021 5:06:11 AM
1085464175,0,Ranked Splitstone Quarry,EU,4/25/2021 5:06:15 AM
1085464181,1,Ranked Ascension Peak,NA,4/25/2021 5:06:17 AM
1085464221,1,Ranked Frog Isle,NA,4/25/2021 5:06:31 AM
1085464222,1,Ranked Timber Mill,Latin America North,4/25/2021 5:06:32 AM
1085464290,1,Ranked Serpent Beach,Latin America North,4/25/2021 5:06:55 AM
1085464387,0,Ranked Splitstone Quarry,NA,4/25/2021 5:07:27 AM
1085464490,1,Ranked Timber Mill,Brazil,4/25/2021 5:08:02 AM
1085464509,0,Ranked Stone Keep,Latin America North,4/25/2021 5:08:08 AM
1085464546,0,Ranked Splitstone Quarry,NA,4/25/2021 5:08:21 AM
1085464619,0,Ranked Ice Mines,NA,4/25/2021 5:08:46 AM
1085464643,1,Ranked Ascension Peak,Latin America North,4/25/2021 5:08:52 AM
1085464646,0,Ranked Jaguar Falls,NA,4/25/2021 5:08:53 AM
1085464653,0,Ranked Timber Mill,Brazil,4/25/2021 5:08:55 AM
1085464690,1,Ranked Ascension Peak,Latin America North,4/25/2021 5:09:11 AM
1085464759,1,Ranked Serpent Beach,NA,4/25/2021 5:09:36 AM
1085464760,1,Ranked Serpent Beach,Latin America North,4/25/2021 5:09:36 AM
1085464770,1,Ranked Splitstone Quarry,Brazil,4/25/2021 5:09:41 AM
1085464793,1,Ranked Stone Keep,NA,4/25/2021 5:09:49 AM
1085464797,0,Ranked Stone Keep,NA,4/25/2021 5:09:51 AM
1085464803,0,Ranked Serpent Beach,Brazil,4/25/2021 5:09:52 AM
1085464850,0,Ranked Frozen Guard,NA,4/25/2021 5:10:07 AM
1085464874,0,Ranked Warder's Gate,NA,4/25/2021 5:10:14 AM
1085464901,0,Ranked Stone Keep,NA,4/25/2021 5:10:22 AM
1085464918,0,Ranked Splitstone Quarry,Latin America North,4/25/2021 5:10:28 AM
1085464935,1,Ranked Jaguar Falls,Brazil,4/25/2021 5:10:33 AM
1085464948,0,Ranked Serpent Beach,Brazil,4/25/2021 5:10:37 AM
1085464967,1,Ranked Frozen Guard,Latin America North,4/25/2021 5:10:41 AM
1085464969,0,Ranked Warder's Gate,EU,4/25/2021 5:10:42 AM
1085465022,0,Ranked Warder's Gate,NA,4/25/2021 5:11:03 AM
1085465032,0,Ranked Ice Mines,Southeast Asia,4/25/2021 5:11:07 AM
1085465033,1,Ranked Splitstone Quarry,NA,4/25/2021 5:11:07 AM
1085465040,1,Ranked Frozen Guard,NA,4/25/2021 5:11:10 AM
1085465045,1,Ranked Frozen Guard,Brazil,4/25/2021 5:11:13 AM
1085465128,0,Ranked Timber Mill,Latin America North,4/25/2021 5:11:39 AM
1085465223,0,Ranked Frozen Guard,NA,4/25/2021 5:12:08 AM
1085465270,0,Ranked Ice Mines,EU,4/25/2021 5:12:23 AM
1085465277,0,Ranked Serpent Beach,Brazil,4/25/2021 5:12:26 AM
1085465437,1,Ranked Frog Isle,EU,4/25/2021 5:13:17 AM
1085465444,0,Ranked Splitstone Quarry,NA,4/25/2021 5:13:20 AM
1085465505,1,Ranked Frozen Guard,Brazil,4/25/2021 5:13:39 AM
1085465562,0,Ranked Frog Isle,Latin America North,4/25/2021 5:13:58 AM
1085465731,1,Ranked Splitstone Quarry,Latin America North,4/25/2021 5:14:55 AM
1085465763,0,Ranked Ice Mines,NA,4/25/2021 5:15:07 AM
1085465863,0,Ranked Warder's Gate,NA,4/25/2021 5:15:45 AM
1085465864,1,Ranked Serpent Beach,NA,4/25/2021 5:15:45 AM
1085465874,1,Ranked Frog Isle,Latin America North,4/25/2021 5:15:49 AM
1085465920,0,Ranked Warder's Gate,Brazil,4/25/2021 5:16:04 AM
1085465936,0,Ranked Jaguar Falls,EU,4/25/2021 5:16:09 AM
1085465960,0,Ranked Timber Mill,Brazil,4/25/2021 5:16:16 AM
1085465969,0,Ranked Timber Mill,Brazil,4/25/2021 5:16:18 AM
1085466012,0,Ranked Ascension Peak,Brazil,4/25/2021 5:16:32 AM
1085466029,1,Ranked Ice Mines,Latin America North,4/25/2021 5:16:37 AM
1085466040,1,Ranked Frozen Guard,EU,4/25/2021 5:16:42 AM
1085466051,1,Ranked Ice Mines,NA,4/25/2021 5:16:45 AM
1085466072,0,Ranked Serpent Beach,Brazil,4/25/2021 5:16:50 AM
1085466127,1,Ranked Timber Mill,Brazil,4/25/2021 5:17:07 AM
1085466211,1,Ranked Jaguar Falls,Southeast Asia,4/25/2021 5:17:37 AM
1085466248,1,Ranked Serpent Beach,Latin America North,4/25/2021 5:17:50 AM
1085466431,1,Ranked Warder's Gate,EU,4/25/2021 5:18:53 AM
1085466543,1,Ranked Warder's Gate,Latin America North,4/25/2021 5:19:33 AM
1085466662,0,Ranked Frog Isle,NA,4/25/2021 5:20:12 AM
1085466735,1,Ranked Timber Mill,NA,4/25/2021 5:20:45 AM
1085466814,1,Ranked Splitstone Quarry,Southeast Asia,4/25/2021 5:21:13 AM
1085466848,0,Ranked Warder's Gate,EU,4/25/2021 5:21:25 AM
1085466868,0,Ranked Stone Keep,NA,4/25/2021 5:21:33 AM
1085466944,0,Ranked Serpent Beach,NA,4/25/2021 5:21:57 AM
1085466954,1,Ranked Frog Isle,NA,4/25/2021 5:22:02 AM
1085466960,1,Ranked Ascension Peak,Brazil,4/25/2021 5:22:04 AM
1085467007,0,Ranked Frozen Guard,NA,4/25/2021 5:22:19 AM
1085467008,0,Ranked Stone Keep,Latin America North,4/25/2021 5:22:20 AM
1086844676,0,Ranked Stone Keep,Southeast Asia,4/30/2021 8:00:05 AM
1086844724,0,Ranked Stone Keep,Southeast Asia,4/30/2021 8:00:24 AM
1086844732,1,Ranked Frozen Guard,EU,4/30/2021 8:00:30 AM
1086844741,1,Ranked Splitstone Quarry,Latin America North,4/30/2021 8:00:36 AM
